<?xml version="1.0"?>
<!DOCTYPE package-info SYSTEM "http://www.simplemachines.org/xml/package-info">
<package-info xmlns="http://www.simplemachines.org/xml/package-info" xmlns:smf="http://www.simplemachines.org/">
	<id>connor0095:cloudflare_ip</id>
	<name>Cloudflare IP Referral Support</name>
	<version>1.2</version>
	<type>modification</type>

	<install for="2.0 - 2.0.99,2.0 RC2,2.0 RC3,2.0 RC4,2.0 RC5">
		<readme parsebbc="true">readme.txt</readme>
		<modification format="xml" type="file">install.xml</modification>
	</install>
	
	<uninstall for="2.0 - 2.0.99,2.0 RC2,2.0 RC3,2.0 RC4,2.0 RC5">
		<modification format="xml" type="file" reverse="true">install.xml</modification>
	</uninstall>
</package-info>
